employee_id,employee_name,trade,role,hourly_cost_rate,active
E-001,Electrical Field Employee 001,Electrical,Foreman,78,True
E-002,Electrical Field Employee 002,Electrical,Journeyman,78,True
E-003,Electrical Field Employee 003,Electrical,Journeyman,64,True
E-004,Electrical Field Employee 004,Electrical,Journeyman,72,True
E-005,Electrical Field Employee 005,Electrical,Journeyman,62,True
E-006,Electrical Field Employee 006,Electrical,Journeyman,68,True
E-007,Electrical Field Employee 007,Electrical,Journeyman,60,True
E-008,Electrical Field Employee 008,Electrical,Journeyman,66,True
E-009,Electrical Field Employee 009,Electrical,Journeyman,78,True
E-010,Electrical Field Employee 010,Electrical,Apprentice,52,True
E-011,Electrical Field Employee 011,Electrical,Journeyman,72,True
E-012,Electrical Field Employee 012,Electrical,Journeyman,62,True
E-013,Electrical Field Employee 013,Electrical,Foreman,78,True
E-014,Electrical Field Employee 014,Electrical,Journeyman,60,True
E-015,Electrical Field Employee 015,Electrical,Journeyman,66,True
E-016,Electrical Field Employee 016,Electrical,Journeyman,78,True
E-017,Electrical Field Employee 017,Electrical,Journeyman,64,True
E-018,Electrical Field Employee 018,Electrical,Journeyman,72,True
E-019,Electrical Field Employee 019,Electrical,Apprentice,52,True
E-020,Electrical Field Employee 020,Electrical,Journeyman,68,True
E-021,Electrical Field Employee 021,Electrical,Journeyman,60,True
E-022,Electrical Field Employee 022,Electrical,Journeyman,66,True
E-023,Electrical Field Employee 023,Electrical,Journeyman,78,True
E-024,Electrical Field Employee 024,Electrical,Journeyman,64,True
E-025,Electrical Field Employee 025,Electrical,Foreman,78,True
E-026,Electrical Field Employee 026,Electrical,Journeyman,62,True
E-027,Electrical Field Employee 027,Electrical,Journeyman,68,True
E-028,Electrical Field Employee 028,Electrical,Apprentice,52,True
E-029,Electrical Field Employee 029,Electrical,Journeyman,66,True
E-030,Electrical Field Employee 030,Electrical,Journeyman,78,True
E-031,Electrical Field Employee 031,Electrical,Journeyman,64,True
E-032,Electrical Field Employee 032,Electrical,Journeyman,72,True
E-033,Electrical Field Employee 033,Electrical,Journeyman,62,True
E-034,Electrical Field Employee 034,Electrical,Journeyman,68,True
E-035,Electrical Field Employee 035,Electrical,Journeyman,60,True
E-036,Electrical Field Employee 036,Electrical,Journeyman,66,True
E-037,Electrical Field Employee 037,Electrical,Foreman,78,True
E-038,Electrical Field Employee 038,Electrical,Journeyman,64,True
E-039,Electrical Field Employee 039,Electrical,Journeyman,72,True
E-040,Electrical Field Employee 040,Electrical,Journeyman,62,True
E-041,Electrical Field Employee 041,Electrical,Journeyman,68,True
E-042,Electrical Field Employee 042,Electrical,Journeyman,60,True
E-043,Electrical Field Employee 043,Electrical,Journeyman,66,True
E-044,Electrical Field Employee 044,Electrical,Journeyman,78,True
E-045,Electrical Field Employee 045,Electrical,Journeyman,64,True
E-046,Electrical Field Employee 046,Electrical,Apprentice,52,True
E-047,Electrical Field Employee 047,Electrical,Journeyman,62,True
E-048,Electrical Field Employee 048,Electrical,Journeyman,68,True
E-049,Electrical Field Employee 049,Electrical,Foreman,78,True
E-050,Electrical Field Employee 050,Electrical,Journeyman,66,True
E-051,Electrical Field Employee 051,Electrical,Journeyman,78,True
E-052,Electrical Field Employee 052,Electrical,Journeyman,64,True
E-053,Electrical Field Employee 053,Electrical,Journeyman,72,True
E-054,Electrical Field Employee 054,Electrical,Journeyman,62,True
E-055,Electrical Field Employee 055,Electrical,Apprentice,52,True
E-056,Electrical Field Employee 056,Electrical,Journeyman,60,True
E-057,Electrical Field Employee 057,Electrical,Journeyman,66,True
E-058,Electrical Field Employee 058,Electrical,Journeyman,78,True
E-059,Electrical Field Employee 059,Electrical,Journeyman,64,True
E-060,Electrical Field Employee 060,Electrical,Journeyman,72,True
E-061,Electrical Field Employee 061,Electrical,Foreman,78,True
E-062,Electrical Field Employee 062,Electrical,Journeyman,68,True
E-063,Electrical Field Employee 063,Electrical,Journeyman,60,True
E-064,Electrical Field Employee 064,Electrical,Apprentice,52,True
E-065,Electrical Field Employee 065,Electrical,Journeyman,78,True
E-066,Electrical Field Employee 066,Electrical,Journeyman,64,True
E-067,Electrical Field Employee 067,Electrical,Journeyman,72,True
E-068,Electrical Field Employee 068,Electrical,Journeyman,62,True
E-069,Electrical Field Employee 069,Electrical,Journeyman,68,True
E-070,Electrical Field Employee 070,Electrical,Journeyman,60,True
E-071,Electrical Field Employee 071,Electrical,Journeyman,66,True
E-072,Electrical Field Employee 072,Electrical,Journeyman,78,True
E-073,Electrical Field Employee 073,Electrical,Foreman,78,True
E-074,Electrical Field Employee 074,Electrical,Journeyman,72,True
E-075,Electrical Field Employee 075,Electrical,Journeyman,62,True
E-076,Electrical Field Employee 076,Electrical,Journeyman,68,True
E-077,Electrical Field Employee 077,Electrical,Journeyman,60,True
E-078,Electrical Field Employee 078,Electrical,Journeyman,66,True
E-079,Electrical Field Employee 079,Electrical,Journeyman,78,True
E-080,Electrical Field Employee 080,Electrical,Journeyman,64,True
E-081,Electrical Field Employee 081,Electrical,Journeyman,72,True
E-082,Electrical Field Employee 082,Electrical,Apprentice,52,True
E-083,Electrical Field Employee 083,Electrical,Journeyman,68,True
E-084,Electrical Field Employee 084,Electrical,Journeyman,60,True
E-085,Electrical Field Employee 085,Electrical,Foreman,78,True
E-086,Electrical Field Employee 086,Electrical,Journeyman,78,True
E-087,Electrical Field Employee 087,Electrical,Journeyman,64,True
E-088,Electrical Field Employee 088,Electrical,Journeyman,72,True
E-089,Electrical Field Employee 089,Electrical,Journeyman,62,True
E-090,Electrical Field Employee 090,Electrical,Journeyman,68,True
E-091,Mechanical Field Employee 001,Mechanical/HVAC,Foreman,78,True
E-092,Mechanical Field Employee 002,Mechanical/HVAC,Journeyman,68,True
E-093,Mechanical Field Employee 003,Mechanical/HVAC,Journeyman,60,True
E-094,Mechanical Field Employee 004,Mechanical/HVAC,Journeyman,66,True
E-095,Mechanical Field Employee 005,Mechanical/HVAC,Journeyman,78,True
E-096,Mechanical Field Employee 006,Mechanical/HVAC,Journeyman,64,True
E-097,Mechanical Field Employee 007,Mechanical/HVAC,Journeyman,72,True
E-098,Mechanical Field Employee 008,Mechanical/HVAC,Journeyman,62,True
E-099,Mechanical Field Employee 009,Mechanical/HVAC,Journeyman,68,True
E-100,Mechanical Field Employee 010,Mechanical/HVAC,Apprentice,52,True
E-101,Mechanical Field Employee 011,Mechanical/HVAC,Journeyman,66,True
E-102,Mechanical Field Employee 012,Mechanical/HVAC,Journeyman,78,True
E-103,Mechanical Field Employee 013,Mechanical/HVAC,Foreman,78,True
E-104,Mechanical Field Employee 014,Mechanical/HVAC,Journeyman,72,True
E-105,Mechanical Field Employee 015,Mechanical/HVAC,Journeyman,62,True
E-106,Mechanical Field Employee 016,Mechanical/HVAC,Journeyman,68,True
E-107,Mechanical Field Employee 017,Mechanical/HVAC,Journeyman,60,True
E-108,Mechanical Field Employee 018,Mechanical/HVAC,Journeyman,66,True
E-109,Mechanical Field Employee 019,Mechanical/HVAC,Apprentice,52,True
E-110,Mechanical Field Employee 020,Mechanical/HVAC,Journeyman,64,True
E-111,Mechanical Field Employee 021,Mechanical/HVAC,Journeyman,72,True
E-112,Mechanical Field Employee 022,Mechanical/HVAC,Journeyman,62,True
E-113,Mechanical Field Employee 023,Mechanical/HVAC,Journeyman,68,True
E-114,Mechanical Field Employee 024,Mechanical/HVAC,Journeyman,60,True
E-115,Mechanical Field Employee 025,Mechanical/HVAC,Foreman,78,True
E-116,Mechanical Field Employee 026,Mechanical/HVAC,Journeyman,78,True
E-117,Mechanical Field Employee 027,Mechanical/HVAC,Journeyman,64,True
E-118,Mechanical Field Employee 028,Mechanical/HVAC,Apprentice,52,True
E-119,Mechanical Field Employee 029,Mechanical/HVAC,Journeyman,62,True
E-120,Mechanical Field Employee 030,Mechanical/HVAC,Journeyman,68,True
E-121,Mechanical Field Employee 031,Mechanical/HVAC,Journeyman,60,True
E-122,Mechanical Field Employee 032,Mechanical/HVAC,Journeyman,66,True
E-123,Mechanical Field Employee 033,Mechanical/HVAC,Journeyman,78,True
E-124,Mechanical Field Employee 034,Mechanical/HVAC,Journeyman,64,True
E-125,Mechanical Field Employee 035,Mechanical/HVAC,Journeyman,72,True
E-126,Mechanical Field Employee 036,Mechanical/HVAC,Journeyman,62,True
E-127,Mechanical Field Employee 037,Mechanical/HVAC,Foreman,78,True
E-128,Mechanical Field Employee 038,Mechanical/HVAC,Journeyman,60,True
E-129,Mechanical Field Employee 039,Mechanical/HVAC,Journeyman,66,True
E-130,Mechanical Field Employee 040,Mechanical/HVAC,Journeyman,78,True
E-131,Mechanical Field Employee 041,Mechanical/HVAC,Journeyman,64,True
E-132,Mechanical Field Employee 042,Mechanical/HVAC,Journeyman,72,True
E-133,Mechanical Field Employee 043,Mechanical/HVAC,Journeyman,62,True
E-134,Mechanical Field Employee 044,Mechanical/HVAC,Journeyman,68,True
E-135,Mechanical Field Employee 045,Mechanical/HVAC,Journeyman,60,True
E-136,Mechanical Field Employee 046,Mechanical/HVAC,Apprentice,52,True
E-137,Mechanical Field Employee 047,Mechanical/HVAC,Journeyman,78,True
E-138,Mechanical Field Employee 048,Mechanical/HVAC,Journeyman,64,True
E-139,Mechanical Field Employee 049,Mechanical/HVAC,Foreman,78,True
E-140,Mechanical Field Employee 050,Mechanical/HVAC,Journeyman,62,True
E-141,Mechanical Field Employee 051,Mechanical/HVAC,Journeyman,68,True
E-142,Mechanical Field Employee 052,Mechanical/HVAC,Journeyman,60,True
E-143,Mechanical Field Employee 053,Mechanical/HVAC,Journeyman,66,True
E-144,Mechanical Field Employee 054,Mechanical/HVAC,Journeyman,78,True
E-145,Mechanical Field Employee 055,Mechanical/HVAC,Apprentice,52,True
E-146,Mechanical Field Employee 056,Mechanical/HVAC,Journeyman,72,True
E-147,Mechanical Field Employee 057,Mechanical/HVAC,Journeyman,62,True
E-148,Mechanical Field Employee 058,Mechanical/HVAC,Journeyman,68,True
E-149,Mechanical Field Employee 059,Mechanical/HVAC,Journeyman,60,True
E-150,Mechanical Field Employee 060,Mechanical/HVAC,Journeyman,66,True
E-151,Mechanical Field Employee 061,Mechanical/HVAC,Foreman,78,True
E-152,Mechanical Field Employee 062,Mechanical/HVAC,Journeyman,64,True
E-153,Mechanical Field Employee 063,Mechanical/HVAC,Journeyman,72,True
E-154,Mechanical Field Employee 064,Mechanical/HVAC,Apprentice,52,True
E-155,Mechanical Field Employee 065,Mechanical/HVAC,Journeyman,68,True
E-156,Mechanical Field Employee 066,Mechanical/HVAC,Journeyman,60,True
E-157,Mechanical Field Employee 067,Mechanical/HVAC,Journeyman,66,True
E-158,Mechanical Field Employee 068,Mechanical/HVAC,Journeyman,78,True
E-159,Mechanical Field Employee 069,Mechanical/HVAC,Journeyman,64,True
E-160,Mechanical Field Employee 070,Mechanical/HVAC,Journeyman,72,True
E-161,Mechanical Field Employee 071,Mechanical/HVAC,Journeyman,62,True
E-162,Mechanical Field Employee 072,Mechanical/HVAC,Journeyman,68,True
E-163,Mechanical Field Employee 073,Mechanical/HVAC,Foreman,78,True
E-164,Mechanical Field Employee 074,Mechanical/HVAC,Journeyman,66,True
E-165,Mechanical Field Employee 075,Mechanical/HVAC,Journeyman,78,True
E-166,Mechanical Field Employee 076,Mechanical/HVAC,Journeyman,64,True
E-167,Mechanical Field Employee 077,Mechanical/HVAC,Journeyman,72,True
E-168,Mechanical Field Employee 078,Mechanical/HVAC,Journeyman,62,True
E-169,Mechanical Field Employee 079,Mechanical/HVAC,Journeyman,68,True
E-170,Mechanical Field Employee 080,Mechanical/HVAC,Journeyman,60,True
E-171,Mechanical Field Employee 081,Mechanical/HVAC,Journeyman,66,True
E-172,Mechanical Field Employee 082,Mechanical/HVAC,Apprentice,52,True
E-173,Mechanical Field Employee 083,Mechanical/HVAC,Journeyman,64,True
E-174,Mechanical Field Employee 084,Mechanical/HVAC,Journeyman,72,True
E-175,Mechanical Field Employee 085,Mechanical/HVAC,Foreman,78,True
E-176,Mechanical Field Employee 086,Mechanical/HVAC,Journeyman,68,True
E-177,Mechanical Field Employee 087,Mechanical/HVAC,Journeyman,60,True
E-178,Mechanical Field Employee 088,Mechanical/HVAC,Journeyman,66,True
E-179,Mechanical Field Employee 089,Mechanical/HVAC,Journeyman,78,True
E-180,Mechanical Field Employee 090,Mechanical/HVAC,Journeyman,64,True
E-181,Plumbing Field Employee 001,Plumbing,Foreman,78,True
E-182,Plumbing Field Employee 002,Plumbing,Journeyman,68,True
E-183,Plumbing Field Employee 003,Plumbing,Journeyman,60,True
E-184,Plumbing Field Employee 004,Plumbing,Journeyman,66,True
E-185,Plumbing Field Employee 005,Plumbing,Journeyman,78,True
E-186,Plumbing Field Employee 006,Plumbing,Journeyman,64,True
E-187,Plumbing Field Employee 007,Plumbing,Journeyman,72,True
E-188,Plumbing Field Employee 008,Plumbing,Journeyman,62,True
E-189,Plumbing Field Employee 009,Plumbing,Journeyman,68,True
E-190,Plumbing Field Employee 010,Plumbing,Apprentice,52,True
E-191,Plumbing Field Employee 011,Plumbing,Journeyman,66,True
E-192,Plumbing Field Employee 012,Plumbing,Journeyman,78,True
E-193,Plumbing Field Employee 013,Plumbing,Foreman,78,True
E-194,Plumbing Field Employee 014,Plumbing,Journeyman,72,True
E-195,Plumbing Field Employee 015,Plumbing,Journeyman,62,True
E-196,Plumbing Field Employee 016,Plumbing,Journeyman,68,True
E-197,Plumbing Field Employee 017,Plumbing,Journeyman,60,True
E-198,Plumbing Field Employee 018,Plumbing,Journeyman,66,True
E-199,Plumbing Field Employee 019,Plumbing,Apprentice,52,True
E-200,Plumbing Field Employee 020,Plumbing,Journeyman,64,True
E-201,Plumbing Field Employee 021,Plumbing,Journeyman,72,True
E-202,Plumbing Field Employee 022,Plumbing,Journeyman,62,True
E-203,Plumbing Field Employee 023,Plumbing,Journeyman,68,True
E-204,Plumbing Field Employee 024,Plumbing,Journeyman,60,True
E-205,Plumbing Field Employee 025,Plumbing,Foreman,78,True
E-206,Plumbing Field Employee 026,Plumbing,Journeyman,78,True
E-207,Plumbing Field Employee 027,Plumbing,Journeyman,64,True
E-208,Plumbing Field Employee 028,Plumbing,Apprentice,52,True
E-209,Plumbing Field Employee 029,Plumbing,Journeyman,62,True
E-210,Plumbing Field Employee 030,Plumbing,Journeyman,68,True
E-211,Plumbing Field Employee 031,Plumbing,Journeyman,60,True
E-212,Plumbing Field Employee 032,Plumbing,Journeyman,66,True
E-213,Plumbing Field Employee 033,Plumbing,Journeyman,78,True
E-214,Plumbing Field Employee 034,Plumbing,Journeyman,64,True
E-215,Plumbing Field Employee 035,Plumbing,Journeyman,72,True
E-216,Plumbing Field Employee 036,Plumbing,Journeyman,62,True
E-217,Plumbing Field Employee 037,Plumbing,Foreman,78,True
E-218,Plumbing Field Employee 038,Plumbing,Journeyman,60,True
E-219,Plumbing Field Employee 039,Plumbing,Journeyman,66,True
E-220,Plumbing Field Employee 040,Plumbing,Journeyman,78,True
E-221,Plumbing Field Employee 041,Plumbing,Journeyman,64,True
E-222,Plumbing Field Employee 042,Plumbing,Journeyman,72,True
E-223,Plumbing Field Employee 043,Plumbing,Journeyman,62,True
E-224,Plumbing Field Employee 044,Plumbing,Journeyman,68,True
E-225,Plumbing Field Employee 045,Plumbing,Journeyman,60,True
E-226,Plumbing Field Employee 046,Plumbing,Apprentice,52,True
E-227,Plumbing Field Employee 047,Plumbing,Journeyman,78,True
E-228,Plumbing Field Employee 048,Plumbing,Journeyman,64,True
E-229,Plumbing Field Employee 049,Plumbing,Foreman,78,True
E-230,Plumbing Field Employee 050,Plumbing,Journeyman,62,True
E-231,Plumbing Field Employee 051,Plumbing,Journeyman,68,True
E-232,Plumbing Field Employee 052,Plumbing,Journeyman,60,True
E-233,Plumbing Field Employee 053,Plumbing,Journeyman,66,True
E-234,Plumbing Field Employee 054,Plumbing,Journeyman,78,True
E-235,Plumbing Field Employee 055,Plumbing,Apprentice,52,True
E-236,Plumbing Field Employee 056,Plumbing,Journeyman,72,True
E-237,Plumbing Field Employee 057,Plumbing,Journeyman,62,True
E-238,Plumbing Field Employee 058,Plumbing,Journeyman,68,True
E-239,Plumbing Field Employee 059,Plumbing,Journeyman,60,True
E-240,Plumbing Field Employee 060,Plumbing,Journeyman,66,True
E-241,Plumbing Field Employee 061,Plumbing,Foreman,78,True
E-242,Plumbing Field Employee 062,Plumbing,Journeyman,64,True
E-243,Plumbing Field Employee 063,Plumbing,Journeyman,72,True
E-244,Plumbing Field Employee 064,Plumbing,Apprentice,52,True
E-245,Plumbing Field Employee 065,Plumbing,Journeyman,68,True
E-246,Plumbing Field Employee 066,Plumbing,Journeyman,60,True
E-247,Plumbing Field Employee 067,Plumbing,Journeyman,66,True
E-248,Plumbing Field Employee 068,Plumbing,Journeyman,78,True
E-249,Plumbing Field Employee 069,Plumbing,Journeyman,64,True
E-250,Plumbing Field Employee 070,Plumbing,Journeyman,72,True
E-251,Plumbing Field Employee 071,Plumbing,Journeyman,62,True
E-252,Plumbing Field Employee 072,Plumbing,Journeyman,68,True
E-253,Plumbing Field Employee 073,Plumbing,Foreman,78,True
E-254,Plumbing Field Employee 074,Plumbing,Journeyman,66,True
E-255,Plumbing Field Employee 075,Plumbing,Journeyman,78,True
E-256,Plumbing Field Employee 076,Plumbing,Journeyman,64,True
E-257,Plumbing Field Employee 077,Plumbing,Journeyman,72,True
E-258,Plumbing Field Employee 078,Plumbing,Journeyman,62,True
E-259,Plumbing Field Employee 079,Plumbing,Journeyman,68,True
E-260,Plumbing Field Employee 080,Plumbing,Journeyman,60,True
E-261,Plumbing Field Employee 081,Plumbing,Journeyman,66,True
E-262,Plumbing Field Employee 082,Plumbing,Apprentice,52,True
E-263,Plumbing Field Employee 083,Plumbing,Journeyman,64,True
E-264,Plumbing Field Employee 084,Plumbing,Journeyman,72,True
E-265,Plumbing Field Employee 085,Plumbing,Foreman,78,True
E-266,Plumbing Field Employee 086,Plumbing,Journeyman,68,True
E-267,Plumbing Field Employee 087,Plumbing,Journeyman,60,True
E-268,Plumbing Field Employee 088,Plumbing,Journeyman,66,True
E-269,Plumbing Field Employee 089,Plumbing,Journeyman,78,True
E-270,Plumbing Field Employee 090,Plumbing,Journeyman,64,True
